"filename", "language", "Java", "Markdown", "comment", "blank", "total"
"d:\Java Script\Noita Simulator(Java Edition)\README.md", "Markdown", 0, 12, 0, 7, 19
"d:\Java Script\Noita Simulator(Java Edition)\UIToolBox\Button.java", "Java", 47, 0, 0, 11, 58
"d:\Java Script\Noita Simulator(Java Edition)\UIToolBox\DrawField.java", "Java", 44, 0, 0, 9, 53
"d:\Java Script\Noita Simulator(Java Edition)\UIToolBox\FormalRectangle.java", "Java", 17, 0, 0, 7, 24
"d:\Java Script\Noita Simulator(Java Edition)\UIToolBox\TextBox.java", "Java", 20, 0, 0, 6, 26
"d:\Java Script\Noita Simulator(Java Edition)\UIToolBox\UIContainer.java", "Java", 47, 0, 0, 9, 56
"d:\Java Script\Noita Simulator(Java Edition)\main\Gamepanel.java", "Java", 255, 0, 9, 17, 281
"d:\Java Script\Noita Simulator(Java Edition)\main\KeyHandler.java", "Java", 60, 0, 2, 9, 71
"d:\Java Script\Noita Simulator(Java Edition)\main\Main.java", "Java", 8, 0, 0, 2, 10
"d:\Java Script\Noita Simulator(Java Edition)\main\MouseHandler.java", "Java", 85, 0, 0, 13, 98
"d:\Java Script\Noita Simulator(Java Edition)\main\Timer.java", "Java", 18, 0, 0, 1, 19
"d:\Java Script\Noita Simulator(Java Edition)\main\UI.java", "Java", 132, 0, 1, 11, 144
"d:\Java Script\Noita Simulator(Java Edition)\main\Window.java", "Java", 17, 0, 1, 1, 19
"d:\Java Script\Noita Simulator(Java Edition)\particles\Acid.java", "Java", 55, 0, 1, 6, 62
"d:\Java Script\Noita Simulator(Java Edition)\particles\Dyna.java", "Java", 73, 0, 0, 7, 80
"d:\Java Script\Noita Simulator(Java Edition)\particles\Fire.java", "Java", 42, 0, 1, 6, 49
"d:\Java Script\Noita Simulator(Java Edition)\particles\Gas.java", "Java", 35, 0, 0, 6, 41
"d:\Java Script\Noita Simulator(Java Edition)\particles\Lava.java", "Java", 48, 0, 0, 6, 54
"d:\Java Script\Noita Simulator(Java Edition)\particles\Particle.java", "Java", 216, 0, 1, 13, 230
"d:\Java Script\Noita Simulator(Java Edition)\particles\Sand.java", "Java", 47, 0, 0, 7, 54
"d:\Java Script\Noita Simulator(Java Edition)\particles\Smoke.java", "Java", 42, 0, 0, 6, 48
"d:\Java Script\Noita Simulator(Java Edition)\particles\Steam.java", "Java", 39, 0, 0, 7, 46
"d:\Java Script\Noita Simulator(Java Edition)\particles\Stone.java", "Java", 13, 0, 0, 5, 18
"d:\Java Script\Noita Simulator(Java Edition)\particles\Water.java", "Java", 36, 0, 0, 8, 44
"d:\Java Script\Noita Simulator(Java Edition)\particles\Wood.java", "Java", 13, 0, 0, 5, 18
"d:\Java Script\Noita Simulator(Java Edition)\statemachine\State.java", "Java", 17, 0, 0, 6, 23
"d:\Java Script\Noita Simulator(Java Edition)\statemachine\Statemachine.java", "Java", 10, 0, 0, 3, 13
"Total", "-", 1436, 12, 16, 194, 1658